source,citation,ID,title,authors,journal,year,fulltext_link,fulltext_location
10.1001~jama.283.8.1016,"Sullivan KM, Monto AS, Longini IM. Estimates of the US health impact of influenza. Am J Public Health. 1993;83:1712-1716.",10.2105/AJPH.83.12.1712,Estimates of the US health impact of influenza,"[[u'K', u'M', u'Sullivan'], [u'A', u'S', u'Monto'], [u'I', u'M', u'Longini']]",American Journal of Public Health,1993,[u'http://www.ajph.org/cgi/doi/10.2105/AJPH.83.12.1712'],./output/10.1001~jama.283.8.1016/10.2105~AJPH.83.12.1712
10.2105/AJPH.83.12.1712,cited-by,10.1128/AAC.01339-05,Detection of Influenza Viruses Resistant to Neuraminidase Inhibitors in Global Surveillance during the First 3 Years of Their Use,"[['Arnold', 'S.', 'Monto'], ['J.', 'L.', 'McKimm-Breschkin'], ['Catherine', '', 'Macken'], ['Alan', 'W.', 'Hampson'], ['Alan', '', 'Hay'], ['Alexander', '', 'Klimov'], ['Masato', '', 'Tashiro'], ['Robert', 'G.', 'Webster'], ['Michelle', '', 'Aymard'], ['Frederick', 'G.', 'Hayden'], ['Maria', '', 'Zambon']]",Antimicrobial Agents and Chemotherapy,2006,"[u'http://aac.asm.org/cgi/doi/10.1128/AAC.01339-05', u'http://aac.asm.org/cgi/reprint/50/7/2395.pdf']"
10.2105/AJPH.83.12.1712,cited-by,10.1016/j.vaccine.2004.08.044,Population-wide benefits of routine vaccination of children against influenza,"[['Derek', '', 'Weycker'], ['John', '', 'Edelsberg'], ['M.', 'Elizabeth', 'Halloran'], ['Ira', 'M.', 'Longini'], ['Azhar', '', 'Nizam'], ['Vincent', '', 'Ciuryla'], ['Gerry', '', 'Oster']]",Vaccine,2005,"[u'http://www.sciencedirect.com/science/article/pii/S0264410X04006784', u'http://linkinghub.elsevier.com/retrieve/pii/S0264410X04006784']"
10.2105/AJPH.83.12.1712,cited-by,"13610716Illness Among Schoolchildren During Influenza Season Effect on School Absenteeism, Parental Absenteeism From Work, and Secondary Illness in Families","Illness Among Schoolchildren During Influenza Season Effect on School Absenteeism, Parental Absenteeism From Work, and Secondary Illness in Families","[['Kathleen', 'M.', 'Neuzil'], ['Cynthia', '', 'Hohlbein'], ['Yuwei', '', 'Zhu']]",,2002,"[u'http://archpedi.ama-assn.org/cgi/reprint/156/10/986.pdf', u'http://archpedi.highwire.org/cgi/reprint/156/10/986.pdf']"
10.2105/AJPH.83.12.1712,cited-by,10.1093/occmed/48.2.85,The impact of influenza and influenza-like illness on productivity and healthcare resource utilization in a working population,"[['M.', '', 'Keech'], ['A.', 'J.', 'Scott'], ['P.', 'J. J.', 'Ryan']]",Occupational Medicine-oxford,1998,"[u'http://occmed.oxfordjournals.org/cgi/reprint/48/2/85.pdf', u'http://occmed.oxfordjournals.org/cgi/doi/10.1093/occmed/48.2.85']"
10.2105/AJPH.83.12.1712,cited-by,10.1016/S0264-410X(03)00029-X,"Cost benefit of influenza vaccination in healthy, working adults: an economic analysis based on the results of a clinical trial of trivalent live attenuated influenza virus vaccine","[['Kristin', 'L', 'Nichol'], ['Kenneth', 'P', 'Mallon'], ['Paul', 'M', 'Mendelman']]",Vaccine,2003,"[u'http://www.sciencedirect.com/science/article/pii/S0264410X0300029X', u'http://linkinghub.elsevier.com/retrieve/pii/S0264410X0300029X']"
10.2105/AJPH.83.12.1712,cited-by,10.1006/pmed.1996.9991,Influenza Vaccination of Health Care Workers: Evaluation of Factors That Are Important in Acceptance,"[['Bradley', 'N.', 'Doebbeling'], ['Michael', 'B.', 'Edmond'], ['Charles', 'S.', 'Davis'], ['James', 'R.', 'Woodin'], ['Rodney', 'R.', 'Zeitler']]",Preventive Medicine,1997,"[u'http://www.sciencedirect.com/science/article/pii/S0091743596999910', u'http://linkinghub.elsevier.com/retrieve/pii/S0091743596999910']"
10.2105/AJPH.83.12.1712,cited-by,6946003A population-dynamic model for evaluating the potential spread of drug-resistant influenza virus infections during community-based use of antivirals,A population-dynamic model for evaluating the potential spread of drug-resistant influenza virus infections during community-based use of antivirals,"[['Neil', 'M.', 'Ferguson'], ['Susan', '', 'Mallett'], ['Helen', '', 'Jackson'], ['Noel', '', 'Roberts'], ['Penelope', '', 'Ward']]",,2003,"[u'http://jac.oxfordjournals.org/cgi/reprint/51/4/977.pdf', u'http://jac.oxfordjournals.org/cgi/reprint/dkg136v1.pdf']"
10.2105/AJPH.83.12.1712,cited-by,10.1086/598513,"Seasonal Influenza in Adults and Children—Diagnosis, Treatment, Chemoprophylaxis, and Institutional Outbreak Management: Clinical Practice Guidelines of the Infectious Diseases Society of America","[['Stefan', '', 'Gravenstein']]",Clinical Infectious Diseases,2009,"[u'http://www.uphs.upenn.edu/bugdrug/antibiotic_manual/idsainfluenza2009.pdf', u'http://linmed.files.wordpress.com/2009/05/flu_guideline_2009.pdf', u'http://maladiesinfectieuses.hug-ge.ch/_library/pdf/influenza.pdf', u'http://www.srlf.org/Data/upload/file/Grippe%20A/(26)%20-%20Recos%20Flu%20IDSA%202009.pdf', u'http://www.maine.gov/dhhs/boh/ddc/epi/influenzatoolkit/Supporting%20documents/IDSA%20Seasonal%20Guidelines.pdf', u'http://www.journals.uchicago.edu/doi/abs/10.1086/598513']"
10.2105/AJPH.83.12.1712,cited-by,5954845Economic Analysis of Influenza Vaccination and Antiviral Treatment for Healthy Working Adults,Economic Analysis of Influenza Vaccination and Antiviral Treatment for Healthy Working Adults,"[['Patrick', 'Y.', 'Lee'], ['David', 'B.', 'Matchar'], ['Dennis', 'A.', 'Clements'], ['Joel', '', 'Huber'], ['John', 'D.', 'Hamilton'], ['Eric', 'D.', 'Peterson']]",,2002,[u'http://www.pforster.ch/yvaccin/DocumVaccinInfluenzaBAG/Lee_2002.pdf']
10.2105/AJPH.83.12.1712,cited-by,10.1007/s100960000376,"Population-Based Study on Incidence, Risk Factors, Clinical Complications and Drug Utilisation Associated with Influenza in the United Kingdom","[['C.', 'R.', 'Meier'], ['P.', 'N.', 'Napalkov'], ['Y.', '', 'Wegm\xc3\xbcller'], ['T.', '', 'Jefferson'], ['H.', '', 'Jick']]",European Journal of Clinical Microbiology & Infectious Diseases,2000,"[u'http://www.springerlink.com/index/twlnr6d64q7pk6n1.pdf', u'http://www.springerlink.com/content/twlnr6d64q7pk6n1', u'http://www.springerlink.com/openurl.asp?genre=article&id=doi:10.1007/s100960000376', u'http://www.springerlink.com/index/pdf/10.1007/s100960000376']"
10.2105/AJPH.83.12.1712,cited-by,10.1016/S0166-3542(99)00062-5,Respiratory viral infections in the elderly,"[['John', '', 'Treanor'], ['Ann', '', 'Falsey']]",Antiviral Research,1999,"[u'http://www.sciencedirect.com/science/article/pii/S0166354299000625', u'http://linkinghub.elsevier.com/retrieve/pii/S0166354299000625']"
10.2105/AJPH.83.12.1712,cited-by,3242287Influenza Vaccination Is Not Associated with a Reduction in the Risk of Recurrent Coronary Events,Influenza Vaccination Is Not Associated with a Reduction in the Risk of Recurrent Coronary Events,"[['Lisa', 'A.', 'Jackson'], ['Onchee', '', 'Yu'], ['Susan', 'R.', 'Heckbert'], ['Bruce', 'M.', 'Psaty'], ['Darren', '', 'Malais'], ['William', 'E.', 'Barlow'], ['William', 'W.', 'Thompson']]",,2002,[u'http://aje.oxfordjournals.org/cgi/reprint/156/7/634.pdf']
10.2105/AJPH.83.12.1712,cited-by,10.1016/S0749-3797(99)00134-8,Increasing influenza and pneumococcal immunization rates: a randomized controlled study of a senior center–based intervention,"[['James', 'W', 'Krieger'], ['Joseph', 'S', 'Castorina'], ['Mary', 'L', 'Walls'], ['Marcia', 'R', 'Weaver'], ['Sandra', '', 'Ciske']]",American Journal of Preventive Medicine,2000,"[u'http://www.sciencedirect.com/science/article/pii/S0749379799001348', u'http://linkinghub.elsevier.com/retrieve/pii/S0749379799001348']"
10.2105/AJPH.83.12.1712,cited-by,10.1016/S0002-9343(99)80307-6,"Viral respiratory infections in the community: Epidemiology, agents, and interventions","[['Arnold', 'S.', 'Monto']]",American Journal of Medicine,1995,"[u'http://www.sciencedirect.com/science/article/pii/S0002934399803076', u'http://linkinghub.elsevier.com/retrieve/pii/S0002934399803076']"
10.2105/AJPH.83.12.1712,cited-by,5478601Effectiveness and Cost-Benefit of Influenza Vaccination of Healthy Working Adults,Effectiveness and Cost-Benefit of Influenza Vaccination of Healthy Working Adults,"[['William', 'W.', 'Thompson'], ['Martin', 'I.', 'Meltzer'], ['Gordon', 'R.', 'Reeve'], ['Walter', 'J.', 'Talamonti'], ['Nancy', 'J.', 'Cox'], ['Heather', 'A.', 'Lilac'], ['Keiji', '', 'Fukuda']]",,2007,[u'http://www.beforeyoutakethatpill.com/2008/12/bridges_flu_shots.pdf']
10.2105/AJPH.83.12.1712,cited-by,10.1111/j.1525-1497.2005.0097.x,Racial and ethnic disparities in influenza vaccination among elderly adults,"[['Mar\xc3\xada', 'C.', 'Rangel'], ['Victor', 'J.', 'Shoenbach'], ['Kristen', 'A.', 'Weigle'], ['Vijaya', 'K.', 'Hogan'], ['Ronald', 'P.', 'Strauss'], ['Shrikant', 'I.', 'Bangdiwala']]",Journal of General Internal Medicine,2005,"[u'http://www.springerlink.com/index/j03215642087221g.pdf', u'http://www.springerlink.com/content/j03215642087221g', u'http://www.blackwell-synergy.com/doi/abs/10.1111/j.1525-1497.2005.0097.x']"
10.2105/AJPH.83.12.1712,cited-by,10.1097/01.inf.0000108193.91607.34,"Occurrence of respiratory virus: time, place and person","[['ARNOLD', 'S.', 'MONTO']]",Pediatric Infectious Disease Journal,2004,"[u'http://www.hvidovre-hospital.dk/HHmikrobiologisk.nsf/pics/Parainfluenza1.pdf/$FILE/Parainfluenza1.pdf', u'http://content.wkhealth.com/linkback/openurl?sid=WKPTLP:landingpage&an=00006454-200401001-00009']"
10.2105/AJPH.83.12.1712,cited-by,10.1007/BF00368891,Epidemiology of Influenza A virus infection in patients with acute or chronic leukemia,"[['Linda', 'S.', 'Elting'], ['Estella', '', 'Whimbey'], ['William', '', 'Lo'], ['Robert', '', 'Couch'], ['Michael', '', 'Andreeff'], ['Gerald', 'P.', 'Bodey']]",Supportive Care in Cancer,1995,"[u'http://www.springerlink.com/index/k0j5655327364587.pdf', u'http://www.springerlink.com/content/k0j5655327364587', u'http://www.springerlink.com/index/10.1007/BF00368891', u'http://www.springerlink.com/index/pdf/10.1007/BF00368891']"
10.2105/AJPH.83.12.1712,cited-by,10.1016/j.vaccine.2005.07.088,Intranasal administration of a proteosome-influenza vaccine is well-tolerated and induces serum and nasal secretion influenza antibodies in healthy human subjects,"[['John', '', 'Treanor'], ['Carrie', '', 'Nolan'], ['Diane', '', 'O\xe2\x80\x99Brien'], ['David', '', 'Burt'], ['George', '', 'Lowell'], ['Janine', '', 'Linden'], ['Louis', '', 'Fries']]",Vaccine,2006,"[u'http://www.sciencedirect.com/science/article/pii/S0264410X05007723', u'http://linkinghub.elsevier.com/retrieve/pii/S0264410X05007723']"
10.2105/AJPH.83.12.1712,cited-by,10.1016/j.jaci.2003.12.584,Immune response to influenza vaccination in children and adults with asthma: effect of corticosteroid therapy,"[['Nicola', 'A', 'Hanania'], ['Marianna', '', 'Sockrider'], ['Mario', '', 'Castro'], ['Janet', 'T', 'Holbrook'], ['James', '', 'Tonascia'], ['Robert', '', 'Wise'], ['Robert', 'L', 'Atmar']]",Journal of Allergy and Clinical Immunology,2004,"[u'http://www.sciencedirect.com/science/article/pii/S0091674904002702', u'http://linkinghub.elsevier.com/retrieve/pii/S0091674904002702']"
10.2105/AJPH.83.12.1712,cited-by,10.1186/1477-7525-3-18,Values for preventing influenza-related morbidity and vaccine adverse events in children,"[['Lisa', 'A', 'Prosser'], ['Carolyn', 'Buxton', 'Bridges'], ['Timothy', 'M', 'Uyeki'], ['Virginia', 'H', 'R\xc3\xaago'], ['G', 'Thomas', 'Ray'], ['Martin', 'I', 'Meltzer'], ['Benjamin', '', 'Schwartz'], ['William', 'W', 'Thompson'], ['Keiji', '', 'Fukuda'], ['Tracy', 'A', 'Lieu']]",Health and Quality of Life Outcomes,2005,"[u'http://www.hqlo.com/content/3/1/18', u'http://www.biomedcentral.com/content/pdf/1477-7525-3-18.pdf', u'http://www.springerlink.com/content/8nr11852q7788822', u'http://www.springerlink.com/index/8nr11852q7788822.pdf']"
10.2105/AJPH.83.12.1712,cited-by,10.1016/S0264-410X(01)00143-8,Live attenuated influenza virus vaccines: new options for the prevention of influenza,"[['Kristin', 'L.', 'Nichol']]",Vaccine,2001,"[u'http://www.sciencedirect.com/science/article/pii/S0264410X01001438', u'http://linkinghub.elsevier.com/retrieve/pii/S0264410X01001438']"
10.2105/AJPH.83.12.1712,cited-by,10.1016/S0264-410X(01)00160-8,Cost-effectiveness of influenza vaccination in high-risk children in Argentina,"[['Gustavo', 'H', 'Dayan'], ['Van', 'Hung', 'Nguyen'], ['Roberto', '', 'Debbag'], ['Roberto', '', 'G\xc3\xb3mez'], ['Susan', 'C', 'Wood']]",Vaccine,2001,"[u'http://www.sciencedirect.com/science/article/pii/S0264410X01001608', u'http://linkinghub.elsevier.com/retrieve/pii/S0264410X01001608']"
10.2105/AJPH.83.12.1712,cited-by,10.1016/j.vaccine.2008.07.066,Epidemiology of influenza,"[['Arnold', 'S.', 'Monto']]",Vaccine,2008,"[u'http://www.sciencedirect.com/science/article/pii/S0264410X08010219', u'http://linkinghub.elsevier.com/retrieve/pii/S0264410X08010219']"
10.2105/AJPH.83.12.1712,cited-by,10.1016/S0264-410X(99)00110-3,Clinical effectiveness and cost effectiveness of influenza vaccination among healthy working adults,"[['Kristin', 'L', 'Nichol']]",Vaccine,1999,"[u'http://www.sciencedirect.com/science/article/pii/S0264410X99001103', u'http://linkinghub.elsevier.com/retrieve/pii/S0264410X99001103']"
10.2105/AJPH.83.12.1712,cited-by,10.2165/00002512-200017030-00005,Pharmacoeconomics of Influenza Vaccination in the Elderly: Reviewing the Available Evidence,"[['Maarten', 'J.', 'Postma'], ['Rob', 'M. P. M.', 'Baltussen'], ['Marie-Louise', 'A.', 'Heijnen'], ['Lolkje', 'T. W. de Jong-van den', 'Berg'], ['Johannes', 'C.', 'Jager']]",Drugs & Aging,2000,"[u'http://www.sff.fmns.rug.nl/downloads/2000/16_postma_2000.pdf', u'http://content.wkhealth.com/linkback/openurl?sid=WKPTLP:landingpage&an=00002512-200017030-00005']"
10.2105/AJPH.83.12.1712,cited-by,10.1086/595842,Burden of Influenza‐Like Illness and Effectiveness of Influenza Vaccination among Working Adults Aged 50–64 Years,"[['Edward', '', 'Ehlinger']]",Clinical Infectious Diseases,2009,[u'http://www.journals.uchicago.edu/doi/abs/10.1086/595842']
10.2105/AJPH.83.12.1712,cited-by,10.1128/JVI.02477-07,Crystal Structure of Unliganded Influenza B Virus Hemagglutinin,"[['Qinghua', '', 'Wang'], ['Feng', '', 'Cheng'], ['Mingyang', '', 'Lu'], ['Xia', '', 'Tian'], ['Jianpeng', '', 'Ma']]",Journal of Virology,2008,"[u'http://jvi.asm.org/cgi/reprint/JVI.02477-07v1.pdf', u'http://jvi.asm.org/cgi/reprint/82/6/3011.pdf', u'http://jvi.asm.org/cgi/doi/10.1128/JVI.02477-07']"
10.2105/AJPH.83.12.1712,cited-by,10.1016/j.ijid.2005.10.008,Medically attended pediatric influenza during the resurgence of the Victoria lineage of influenza B virus,"[['Ladonna', 'K.', 'Hite'], ['W.', 'Paul', 'Glezen'], ['Gail', 'J.', 'Demmler'], ['Flor', 'M.', 'Munoz']]",International Journal of Infectious Diseases,2007,"[u'http://www.sciencedirect.com/science/article/pii/S1201971206000178', u'http://linkinghub.elsevier.com/retrieve/pii/S1201971206000178']"
10.2105/AJPH.83.12.1712,cited-by,10.1002/cncr.22670,Cost-effectiveness of influenza vaccination in working-age cancer patients,"[['Elenir', 'B. C.', 'Avritscher'], ['Catherine', 'D.', 'Cooksley'], ['Jane', 'M.', 'Geraci'], ['Benjamin', 'N.', 'Bekele'], ['Scott', 'B.', 'Cantor'], ['Kenneth', 'V.', 'Rolston'], ['Linda', 'S.', 'Elting']]",Cancer,2007,[u'http://doi.wiley.com/10.1002/cncr.22670']
10.2105/AJPH.83.12.1712,cited-by,10.1016/S0733-8627(03)00018-X,Influenza,"[['Jonathan', 'S', 'Olshaker']]",Emergency Medicine Clinics of North America,2003,"[u'http://www.sciencedirect.com/science/article/pii/S073386270300018X', u'http://linkinghub.elsevier.com/retrieve/pii/S073386270300018X']"
10.2105/AJPH.83.12.1712,cited-by,10.1086/652647,Clinical Attack Rate and Presentation of Pandemic H1N1 Influenza versus Seasonal Influenza A and B in a Pediatric Cohort in Nicaragua,"[['Aubree', '', 'Gordon'], ['Saira', '', 'Sabor\xc3\xado'], ['Elsa', '', 'Videa'], ['Roger', '', 'L\xc3\xb3pez'], ['Guillermina', '', 'Kuan'], ['Angel', '', 'Balmaseda'], ['Eva', '', 'Harris']]",Clinical Infectious Diseases,2010,"[u'http://origem.info/FIC/pdf/Gordon_etal_Clinical_attack_rate_H1N1_vs_seasonal_Nicaragua_CID_Jun10.pdf', u'http://www.journals.uchicago.edu/doi/abs/10.1086/652647']"
10.2105/AJPH.83.12.1712,cited-by,10.1517/14712598.6.3.301,"Fluarix™, inactivated split-virus influenza vaccine","[['G', 'W', 'Rose'], ['C', 'L', 'Cooper']]",Expert Opinion on Biological Therapy,2006,[u'http://informahealthcare.com/doi/abs/10.1517/14712598.6.3.301']
10.2105/AJPH.83.12.1712,cited-by,13092508Cost-effectiveness of Combined Outreach for the Pneumococcal and Influenza Vaccines,Cost-effectiveness of Combined Outreach for the Pneumococcal and Influenza Vaccines,"[['Marcia', '', 'Weaver'], ['James', '', 'Krieger'], ['Joseph', '', 'Castorina'], ['Mary', '', 'Walls'], ['Sandy', '', 'Ciske']]",,2001,[u'http://archinte.ama-assn.org/cgi/reprint/161/1/111.pdf']
10.2105/AJPH.83.12.1712,cited-by,10.1016/j.ics.2004.02.049,Global burden of influenza: what we know and what we need to know,"[['Arnold', 'S.', 'Monto']]",International Congress Series,2004,"[u'http://cmbi.bjmu.edu.cn/news/report/2005/flu/103.pdf', u'http://www.sciencedirect.com/science/article/pii/S0531513104001803', u'http://linkinghub.elsevier.com/retrieve/pii/S0531513104001803']"
10.2105/AJPH.83.12.1712,cited-by,10.1053/epem.2002.128769,Rapid diagnostic testing for the identification of respiratory agents in the emergency department,"[['James', 'A.', 'Wilde']]",Clinical Pediatric Emergency Medicine,2002,"[u'http://www.sciencedirect.com/science/article/pii/S1522840102800052', u'http://linkinghub.elsevier.com/retrieve/pii/S1522840102800052']"
10.2105/AJPH.83.12.1712,cited-by,14091535Tailored Interventions to Introduce Influenza Vaccination Among 6- to 23-month-old Children at Inner-city Health Centers,Tailored Interventions to Introduce Influenza Vaccination Among 6- to 23-month-old Children at Inner-city Health Centers,"[['Mary', 'Patricia', 'Nowalk'], ['Chyongchiou', 'J.', 'Lin'], ['Richard', 'Kent', 'Zimmerman'], ['Judith', 'A.', 'Troy'], ['Alejandro', '', 'Hoberman'], ['Diana', 'H.', 'Kearney'], ['Stephanie', 'M.', 'Cleary']]",,0,[u'http://www.ajmc.com/media/pdf/AJMC05Nov_Nowalk717to724.pdf']
10.2105/AJPH.83.12.1712,cited-by,13523861School absence data for influenza surveillance: a pilot study in the United Kingdom,School absence data for influenza surveillance: a pilot study in the United Kingdom,"[['R', '', 'Pebody'], ['P', '', 'Mangtani']]",,2010,[u'http://www.eurosurveillance.org/images/dynamic/ee/v15n03/art19467.pdf']
10.2105/AJPH.83.12.1712,cited-by,10.1186/1471-2458-10-159,Influenza vaccination coverage of healthcare workers and residents and their determinants in nursing homes for elderly people in France: a cross-sectional survey,"[['Sophie', '', 'Vaux'], ['Delphine', '', 'No\xc3\xabl'], ['Laure', '', 'Fonteneau'], ['Jean-Paul', '', 'Guthmann'], ['Daniel', '', 'L\xc3\xa9vy-Bruhl']]",BMC Public Health,2010,"[u'http://www.biomedcentral.com/content/pdf/1471-2458-10-159.pdf', u'http://www.biomedcentral.com/1471-2458/10/159', u'http://www.springerlink.com/content/0710729l46335824', u'http://www.springerlink.com/index/0710729l46335824.pdf']"
10.2105/AJPH.83.12.1712,cited-by,10.1016/j.vaccine.2005.10.016,Interventions over 2 years to increase influenza vaccination of children aged 6–23 months in inner-city family health centers,"[['Richard', 'K.', 'Zimmerman'], ['Mary', 'Patricia', 'Nowalk'], ['Chyongchiou', 'J.', 'Lin'], ['Feng', 'Shou', 'Ko'], ['Bruce', '', 'Block'], ['Gregory', '', 'Anderson'], ['J.', 'Todd', 'Wahrenberger'], ['Dwight', 'E.', 'Fox']]",Vaccine,2006,"[u'http://www.sciencedirect.com/science/article/pii/S0264410X05010510', u'http://linkinghub.elsevier.com/retrieve/pii/S0264410X05010510']"
10.2105/AJPH.83.12.1712,cited-by,10.1586/14760584.5.1.111,Influenza vaccine in patients with asthma,"[['Nicola', 'A', 'Hanania'], ['Robert', 'L', 'Atmar'], ['Mario', '', 'Castro']]",Expert Review of Vaccines,2006,[u'http://www.future-drugs.com/doi/abs/10.1586/14760584.5.1.111']
10.2105/AJPH.83.12.1712,cited-by,13512707Preventing Influenza in Healthy Adults: The Evolving Story,Preventing Influenza in Healthy Adults: The Evolving Story,"[['Arnold', 'S.', 'Monto']]",,2010,"[u'http://jama.ama-assn.org/cgi/reprint/284/13/1655.pdf', u'http://jama.highwire.org/cgi/reprint/284/13/1655.pdf']"
10.2105/AJPH.83.12.1712,cited-by,10.1097/PEC.0b013e3181a792a9,Development and Validation of a Risk Score for Predicting Hospitalization in Children With Influenza Virus Infection,"[['Jeffrey', 'M.', 'Bender'], ['Krow', '', 'Ampofo'], ['Per', '', 'Gesteland'], ['Gregory', 'J.', 'Stoddard'], ['Douglas', '', 'Nelson'], ['Carrie', 'L.', 'Byington'], ['Andrew', 'T.', 'Pavia'], ['Rajendu', '', 'Srivastava']]",Pediatric Emergency Care,2009,[u'http://content.wkhealth.com/linkback/openurl?sid=WKPTLP:landingpage&an=00006565-200906000-00001']
10.2105/AJPH.83.12.1712,cited-by,10.1016/j.ccm.2004.10.003,Preventing Pneumonia: The Role for Pneumococcal and Influenza Vaccines,"[['Andrew', 'F.', 'Shorr']]",Clinics in Chest Medicine,2005,"[u'http://www.sciencedirect.com/science/article/pii/S0272523104000917', u'http://linkinghub.elsevier.com/retrieve/pii/S0272523104000917']"
10.2105/AJPH.83.12.1712,cited-by,11380765Epidemiology and Virology of Influenza Illness,Epidemiology and Virology of Influenza Illness,"[['Arnold', 'S.', 'Monto']]",,0,"[u'http://www.ajmc.com/media/pdf/AMSub5_2000MontoS255_64.pdf', u'http://www.hcplive.com/_micro/ajmc/_picture/folder_12/AMSub5_2000MontoS255_64.pdf']"
10.2105/AJPH.83.12.1712,cited-by,12425433Reduction of the Influenza Burden in Children,Reduction of the Influenza Burden in Children,"[['Margaret', 'B.', 'Rennels'], ['H.', 'Cody', 'Meissner']]",,0,[]
10.2105/AJPH.83.12.1712,cited-by,10.1016/j.vaccine.2010.05.011,Effect of influenza-like illness and other wintertime respiratory illnesses on worker productivity: The child and household influenza-illness and employee function (CHIEF) study,"[['Liisa', 'A.', 'Palmer'], ['Matthew', 'D.', 'Rousculp'], ['Stephen', 'S.', 'Johnston'], ['Parthiv', 'J.', 'Mahadevia'], ['Kristin', 'L.', 'Nichol']]",Vaccine,2010,"[u'http://www.sciencedirect.com/science/article/pii/S0264410X10006766', u'http://linkinghub.elsevier.com/retrieve/pii/S0264410X10006766']"
10.2105/AJPH.83.12.1712,cited-by,6121405Feasibility of Influenza Immunization for Inner-City Children Aged 6 to 23 Months,Feasibility of Influenza Immunization for Inner-City Children Aged 6 to 23 Months,"[['Richard', 'K.', 'Zimmerman'], ['Alejandro', '', 'Hoberman'], ['Mary', 'Patricia', 'Nowalk'], ['Chyongchiou', 'J.', 'Lin'], ['David', 'P.', 'Greenberg'], ['Stuart', 'T.', 'Weinberg'], ['Charles', 'W.', 'Bemm'], ['Bruce', '', 'Block']]",,2004,[u'http://minority-health.pitt.edu/archive/00000471/01/Feasibility_of_Flu_Immunization_for_Inner-City_Children_Aged_6_to_23_Months.pdf']
10.2105/AJPH.83.12.1712,cited-by,5529074Diagnostic Testing or Empirical Neuraminidase Inhibitor Therapy for Patients With Influenza-Like Illness: What a Difference a Day Makes,Diagnostic Testing or Empirical Neuraminidase Inhibitor Therapy for Patients With Influenza-Like Illness: What a Difference a Day Makes,"[['Susan', 'G.', 'Blitz'], ['Peter', '', 'Cram'], ['Michael', 'E.', 'Chernew'], ['Arnold', 'S.', 'Monto'], ['A.', 'Mark', 'Fendrick']]",,2002,[u'http://www.ajmc.com/media/pdf/AJMC2002marBlitz221_227.pdf']
10.2105/AJPH.83.12.1712,cited-by,10.1093/occmed/52.5.259,The management of influenza in people of working age,"[['D.', 'M.', 'Fleming']]",Occupational Medicine-oxford,2002,"[u'http://occmed.oxfordjournals.org/cgi/reprint/52/5/259.pdf', u'http://occmed.oupjournals.org/cgi/doi/10.1093/occmed/52.5.259']"
10.2105/AJPH.83.12.1712,cited-by,10.1016/j.jnucmat.2011.04.010,Kinetic Monte Carlo (KMC) simulation of fission product silver transport through TRISO fuel particle,"[['G.', 'M. de', 'Bellefon'], ['B.', 'D.', 'Wirth']]",Journal of Nuclear Materials,2011,[u'http://www.sciencedirect.com/science/article/pii/S0022311511003497']
10.2105/AJPH.83.12.1712,cited-by,10.1016/j.oraloncology.2011.06.458,P215. Orbital floor reconstruction: PDS or titanium mesh?,"[['F.', '', 'Lembo'], ['D.', '', 'Parisi'], ['A.', '', 'Portincasa']]",Oral Oncology,2011,[u'http://www.sciencedirect.com/science/article/pii/S1368837511006646']
10.2105/AJPH.83.12.1712,cited-by,10.1108/14777271111175350,The use of a mandatory best practice reminder in the electronic record improves influenza vaccination rate in a pediatric rheumatology clinic,"[['Anjali', '', 'Patwardhan'], ['Kelly', '', 'Kelleher'], ['Dennis', '', 'Cunningham'], ['James', '', 'Menke'], ['Charles', '', 'Spencer']]",Clinical Governance: An International Journal,2011,[u'http://dx.doi.org/10.1108/14777271111175350']
10.2105/AJPH.83.12.1712,cited-by,14334160Professionals: A Randomized Trial Effectiveness of Influenza Vaccine in Health Care,Professionals: A Randomized Trial Effectiveness of Influenza Vaccine in Health Care,"[['W.', 'Paul', 'Glezen']]",,2010,[u'http://jama.ama-assn.org/cgi/reprint/281/10/908.pdf']
10.2105/AJPH.83.12.1712,cited-by,10.1016/j.ijid.2010.02.2267,Same influenza vaccination strategies but different outcomes across US cities?,"[['Claudia', '', 'Taylor'], ['Achla', '', 'Marathe'], ['Richard', '', 'Beckman']]",International Journal of Infectious Diseases,2010,"[u'http://www.sciencedirect.com/science/article/pii/S1201971210024057', u'http://linkinghub.elsevier.com/retrieve/pii/S1201971210024057']"
10.2105/AJPH.83.12.1712,cited-by,10.1186/1471-2458-9-390,Formative research on the feasibility of hygiene interventions for influenza control in UK primary schools,"[['Wolf-Peter', '', 'Schmidt'], ['Catherine', '', 'Wloch'], ['Adam', '', 'Biran'], ['Val', '', 'Curtis'], ['Punam', '', 'Mangtani']]",BMC Public Health,2009,"[u'http://www.springerlink.com/content/aj52g61425828687', u'http://www.biomedcentral.com/content/pdf/1471-2458-9-390.pdf', u'http://www.biomedcentral.com/1471-2458/9/390', u'http://www.springerlink.com/index/aj52g61425828687.pdf']"
10.2105/AJPH.83.12.1712,cited-by,10.1157/13092984,Estudio de costes de la gripe,"[['Xavier', 'Badia', 'Llach'], ['Montserrat', 'Roset', 'Gamisans'], ['Jos\xc3\xa9', 'M. Franc\xc3\xa9s', 'Tudel'], ['Concha', '\xc3\x81lvarez', 'Sanz'], ['Carlos', 'Rubio', 'Terr\xc3\xa9s']]",Atencion Primaria,2006,"[u'http://www.sciencedirect.com/science/article/pii/S0212656706704954', u'http://linkinghub.elsevier.com/retrieve/pii/S0212656706704954']"
10.2105/AJPH.83.12.1712,cited-by,10.1016/j.amepre.2004.07.016,Feasibility of influenza immunization for inner-city children aged 6 to 23 months,"[['Richard', 'K.', 'Zimmerman'], ['Alejandro', '', 'Hoberman'], ['Mary', 'Patricia', 'Nowalk'], ['Chyongchiou', 'J.', 'Lin'], ['David', 'P.', 'Greenberg'], ['Stuart', 'T.', 'Weinberg'], ['Charles', 'W.', 'Bemm'], ['Bruce', '', 'Block']]",American Journal of Preventive Medicine,2004,"[u'http://www.sciencedirect.com/science/article/pii/S074937970400193X', u'http://linkinghub.elsevier.com/retrieve/pii/S074937970400193X']"
10.2105/AJPH.83.12.1712,cited-by,10.1109/UUST.1989.754739,Flight Testing of a Sliding Mode Control Autopilot for an Unmanned Underwater Vehicle,"[['Frank', '', 'Dougherty'], ['Gary', '', 'Woolweaver']]",,1989,"[u'http://ieeexplore.ieee.org/stamp/stamp.jsp?arnumber=00754739', u'http://ieeexplore.ieee.org/xpls/abs_all.jsp?arnumber=754739']"
10.2105/AJPH.83.12.1712,cited-by,12058481Respiratory Viral Infection Seasonal Invasive Pneumococcal Disease in Children: Role of Preceding,Respiratory Viral Infection Seasonal Invasive Pneumococcal Disease in Children: Role of Preceding,"[['T.', '', 'Pavia'], ['Carrie', 'L.', 'Byington'], ['Krow', '', 'Ampofo'], ['Jeffrey', '', 'Bender'], ['Xiaoming', '', 'Sheng'], ['Kent', '', 'Korgenski'], ['Judy', '', 'Daly']]",,0,"[u'http://pediatrics.aappublications.org/cgi/reprint/122/2/229.pdf', u'http://intl-pediatrics.aappublications.org/cgi/reprint/122/2/229.pdf']"
10.2105/AJPH.83.12.1712,cited-by,12398370Controlled Trial Oseltamivir in Treating Acute Influenza: A Randomized Efficacy and Safety of the Oral Neuraminidase Inhibitor,Controlled Trial Oseltamivir in Treating Acute Influenza: A Randomized Efficacy and Safety of the Oral Neuraminidase Inhibitor,"[['Richard', 'P.', 'Wenzel']]",,0,[u'http://jama.ama-assn.org/cgi/reprint/283/8/1016.pdf']
10.1001~jama.283.8.1016,"Brown LE, Hampson AW, Webster RG, eds. Options for the Control of Influenza III. New York, NY: Elsevier Science BV; 1996:17-25.",NOT found in MAS
10.1001~jama.283.8.1016,Kavet J. A perspective on the significance of pandemic influenza. Am J Public Health. 1977;67:1063-1070.,10.2105/AJPH.67.11.1063,A perspective on the significance of pandemic influenza,"[[u'J', u'', u'Kavet']]",American Journal of Public Health,1977,[u'http://www.ajph.org/cgi/doi/10.2105/AJPH.67.11.1063'],./output/10.1001~jama.283.8.1016/10.2105~AJPH.67.11.1063
10.2105/AJPH.67.11.1063,cited-by,2905336Cost-Benefit Analysis of a Strategy to Vaccinate Healthy Working Adults Against Influenza,Cost-Benefit Analysis of a Strategy to Vaccinate Healthy Working Adults Against Influenza,"[['Kristin', 'L.', 'Nichol']]",,2001,"[u'http://archinte.ama-assn.org/cgi/reprint/161/5/749.pdf', u'http://tudor.szote.u-szeged.hu/webtext/letolt/anyag/CASPi_200212/day4/4.2.3.%20nichol%20paper.pdf']"
10.2105/AJPH.67.11.1063,cited-by,10.1016/S0264-410X(02)00254-2,"Realities and enigmas of human viral influenza: pathogenesis, epidemiology and control","[['Maurice', 'R.', 'Hilleman']]",Vaccine,2002,"[u'http://biomicro.sdstate.edu/WangX/Micr425/Pathogenesis/Influenza_A.pdf', u'http://www.sciencedirect.com/science/article/pii/S0264410X02002542', u'http://cmbi.bjmu.edu.cn/news/report/2005/flu/78.pdf', u'http://download.thelancet.com/flatcontentassets/H1N1-flu/pathogenesis/pathogenesis-1.pdf', u'http://download.thelancet.com/flatcontentassets/H1N1-flu/epidemiology/epidemiology-6.pdf', u'http://linkinghub.elsevier.com/retrieve/pii/S0264410X02002542']"
10.2105/AJPH.67.11.1063,cited-by,10.1016/S0264-410X(03)00029-X,"Cost benefit of influenza vaccination in healthy, working adults: an economic analysis based on the results of a clinical trial of trivalent live attenuated influenza virus vaccine","[['Kristin', 'L', 'Nichol'], ['Kenneth', 'P', 'Mallon'], ['Paul', 'M', 'Mendelman']]",Vaccine,2003,"[u'http://www.sciencedirect.com/science/article/pii/S0264410X0300029X', u'http://linkinghub.elsevier.com/retrieve/pii/S0264410X0300029X']"
10.2105/AJPH.67.11.1063,cited-by,10.1001/archinte.161.3.441,Excess Mortality Due to Pneumonia or Influenza During Influenza Seasons Among Persons With Acquired Immunodeficiency Syndrome,"[['Joseph', 'C.', 'Lin'], ['Kristin', 'L.', 'Nichol']]",Archives of Internal Medicine,2001,"[u'http://archinte.ama-assn.org/cgi/doi/10.1001/archinte.161.3.441', u'http://archinte.ama-assn.org/cgi/reprint/161/3/441.pdf']"
10.2105/AJPH.67.11.1063,cited-by,10.1007/s100960000376,"Population-Based Study on Incidence, Risk Factors, Clinical Complications and Drug Utilisation Associated with Influenza in the United Kingdom","[['C.', 'R.', 'Meier'], ['P.', 'N.', 'Napalkov'], ['Y.', '', 'Wegm\xc3\xbcller'], ['T.', '', 'Jefferson'], ['H.', '', 'Jick']]",European Journal of Clinical Microbiology & Infectious Diseases,2000,"[u'http://www.springerlink.com/index/twlnr6d64q7pk6n1.pdf', u'http://www.springerlink.com/content/twlnr6d64q7pk6n1', u'http://www.springerlink.com/openurl.asp?genre=article&id=doi:10.1007/s100960000376', u'http://www.springerlink.com/index/pdf/10.1007/s100960000376']"
10.2105/AJPH.67.11.1063,cited-by,10.1046/j.1524-4733.2003.00209.x,Economic Costs of Influenza-Related Work Absenteeism,"[['Manabu', '', 'Akazawa'], ['Jody', 'L.', 'Sindelar'], ['A.', 'David', 'Paltiel']]",Value in Health,2003,"[u'http://www.sciencedirect.com/science/article/pii/S1098301510601404', u'http://www.blackwell-synergy.com/links/doi/10.1046%2Fj.1524-4733.2003.00209.x']"
10.2105/AJPH.67.11.1063,cited-by,10.1046/j.1525-1497.2003.20822.x,Management of influenza symptoms in healthy adults,"[['Michael', 'B.', 'Rothberg'], ['Shunian', '', 'He'], ['David', 'N.', 'Rose']]",Journal of General Internal Medicine,2003,"[u'http://www.springerlink.com/index/c2hlvw3483877856.pdf', u'http://www.springerlink.com/content/c2hlvw3483877856', u'http://www.blackwell-synergy.com/links/doi/10.1046%2Fj.1525-1497.2003.20822.x']"
10.2105/AJPH.67.11.1063,cited-by,10.1016/S0264-410X(01)00143-8,Live attenuated influenza virus vaccines: new options for the prevention of influenza,"[['Kristin', 'L.', 'Nichol']]",Vaccine,2001,"[u'http://www.sciencedirect.com/science/article/pii/S0264410X01001438', u'http://linkinghub.elsevier.com/retrieve/pii/S0264410X01001438']"
10.2105/AJPH.67.11.1063,cited-by,10.1093/occmed/52.5.265,Sickness absence due to influenza,"[['F.', 'W.', ""O'Reilly""], ['A.', 'B.', 'Stevens']]",Occupational Medicine-oxford,2002,"[u'http://www.cepis.ops-oms.org/bvsacd/cd49/265.pdf', u'http://www.cepis.ops-oms.org/foro_hispano/BVS/bvsacd/cd49/265.pdf', u'http://www.bvsde.ops-oms.org/foro_hispano/BVS/bvsacd/cd49/265.pdf', u'http://bvsde.per.paho.org/foro_hispano/BVS/bvsacd/cd49/265.pdf', u'http://bvsde.per.paho.org/bvsacd/cd49/265.pdf', u'http://www.bvsde.paho.org/bvsacd/cd49/265.pdf', u'http://www.opas.org.br/gentequefazsaude/bvsde/bvsacd/cd49/265.pdf', u'http://occmed.oupjournals.org/cgi/doi/10.1093/occmed/52.5.265']"
10.2105/AJPH.67.11.1063,cited-by,10.1016/j.vaccine.2005.04.018,The impact of influenza on the health and health care utilisation of elderly people,"[['Douglas', 'M.', 'Fleming'], ['Alex', 'J.', 'Elliot']]",Vaccine,2005,"[u'http://www.sciencedirect.com/science/article/pii/S0264410X05004585', u'http://cmbi.bjmu.edu.cn/news/report/2005/flu/124.pdf', u'http://linkinghub.elsevier.com/retrieve/pii/S0264410X05004585']"
10.2105/AJPH.67.11.1063,cited-by,10.1016/S0264-410X(01)00160-8,Cost-effectiveness of influenza vaccination in high-risk children in Argentina,"[['Gustavo', 'H', 'Dayan'], ['Van', 'Hung', 'Nguyen'], ['Roberto', '', 'Debbag'], ['Roberto', '', 'G\xc3\xb3mez'], ['Susan', 'C', 'Wood']]",Vaccine,2001,"[u'http://www.sciencedirect.com/science/article/pii/S0264410X01001608', u'http://linkinghub.elsevier.com/retrieve/pii/S0264410X01001608']"
10.2105/AJPH.67.11.1063,cited-by,10.1016/S0264-410X(99)00110-3,Clinical effectiveness and cost effectiveness of influenza vaccination among healthy working adults,"[['Kristin', 'L', 'Nichol']]",Vaccine,1999,"[u'http://www.sciencedirect.com/science/article/pii/S0264410X99001103', u'http://linkinghub.elsevier.com/retrieve/pii/S0264410X99001103']"
10.2105/AJPH.67.11.1063,cited-by,10.2165/00002512-200017030-00005,Pharmacoeconomics of Influenza Vaccination in the Elderly: Reviewing the Available Evidence,"[['Maarten', 'J.', 'Postma'], ['Rob', 'M. P. M.', 'Baltussen'], ['Marie-Louise', 'A.', 'Heijnen'], ['Lolkje', 'T. W. de Jong-van den', 'Berg'], ['Johannes', 'C.', 'Jager']]",Drugs & Aging,2000,"[u'http://www.sff.fmns.rug.nl/downloads/2000/16_postma_2000.pdf', u'http://content.wkhealth.com/linkback/openurl?sid=WKPTLP:landingpage&an=00002512-200017030-00005']"
10.2105/AJPH.67.11.1063,cited-by,10.2165/00044011-200626060-00004,"Impact of Influenza Treatment with Oseltamivir on Health, Sleep and Daily Activities of Otherwise Healthy Adults and Adolescents","[['Robert', '', 'Bettis'], ['Dominick', '', 'Iacuzio'], ['Thomas', '', 'Jung'], ['Rudolf', '', 'Fuchs'], ['Rick', '', 'Aultman'], ['Marlene', '', 'Gyldmark']]",Clinical Drug Investigation,2006,[u'http://content.wkhealth.com/linkback/openurl?sid=WKPTLP:landingpage&an=00044011-200626060-00004']
10.2105/AJPH.67.11.1063,cited-by,10.1586/14760584.3.1.35,The threat and prospects for control of an influenza pandemic,"[['H', 'Grant', 'Stiver']]",Expert Review of Vaccines,2004,[u'http://www.future-drugs.com/doi/abs/10.1586/14760584.3.1.35']
10.2105/AJPH.67.11.1063,cited-by,10.1016/j.amjmed.2008.05.002,Increasing Influenza Vaccination Rates: The Need to Vaccinate Throughout the Entire Influenza Season,"[['Gregory', 'A.', 'Poland'], ['David', 'R.', 'Johnson']]",American Journal of Medicine,2008,"[u'http://www.sciencedirect.com/science/article/pii/S0002934308004658', u'http://linkinghub.elsevier.com/retrieve/pii/S0002934308004658']"
10.2105/AJPH.67.11.1063,cited-by,10.1086/502324,Work‐Site–Based Influenza Vaccination in Healthcare and Non‐Healthcare Settings,"[['Sarah', 'J.', 'D\xe2\x80\x99Heilly'], ['Kristin', 'L.', 'Nichol']]",Infection Control and Hospital Epidemiology,2004,[u'http://www.journals.uchicago.edu/doi/abs/10.1086/502324']
10.2105/AJPH.67.11.1063,cited-by,10.1016/S0264-410X(99)00297-2,Do vaccines make best use of available resources? (in other words are they cost-effective?),"[['Tom', '', 'Jefferson']]",Vaccine,1999,"[u'http://www.sciencedirect.com/science/article/pii/S0264410X99002972', u'http://linkinghub.elsevier.com/retrieve/pii/S0264410X99002972']"
10.2105/AJPH.67.11.1063,cited-by,10821395Valuing Good Health: An Estimate of Costs and Savings for the Healthy Families Act,Valuing Good Health: An Estimate of Costs and Savings for the Healthy Families Act,"[['Vicky', '', 'Lovell']]",,0,"[u'http://www.iwpr.org/pdf/PrePub_B248.pdf', u'http://paidsickdaysca.org/learn/IWPR_ValuingGoodHealth.pdf', u'http://www.iwpr.org/pdf/B248.pdf']"
10.2105/AJPH.67.11.1063,cited-by,"5137586Valuing Good Health in California: The Costs and Benefits of the Healthy Families, Healthy Workplaces Act of 2008","Valuing Good Health in California: The Costs and Benefits of the Healthy Families, Healthy Workplaces Act of 2008","[['Vicky', '', 'Lovell']]",,2008,"[u'http://paidsickdaysca.org/learn/IWPR_CA_report.pdf', u'http://www.iwpr.org/pdf/B259capsd.pdf']"
10.2105/AJPH.67.11.1063,cited-by,10.1016/S0264-410X(99)00115-2,Considerations for adding pneumonia and influenza vaccines to public health programmes,"[['Mark', 'A', 'Miller']]",Vaccine,1999,"[u'http://www.sciencedirect.com/science/article/pii/S0264410X99001152', u'http://linkinghub.elsevier.com/retrieve/pii/S0264410X99001152']"
10.2105/AJPH.67.11.1063,cited-by,10.1016/S1576-9887(07)73982-1,La gripe del cerdo (1976): cuando el pánico y la política toman las decisiones,"[['J.', '', 'Tuells']]",Vacunas,2007,"[u'http://www.sciencedirect.com/science/article/pii/S1576988707739821', u'http://linkinghub.elsevier.com/retrieve/pii/S1576988707739821']"
10.2105/AJPH.67.11.1063,cited-by,5311694Valuing Good Health in San Francisco: The Costs and Benefits of a Proposed Paid Sick Days Policy,Valuing Good Health in San Francisco: The Costs and Benefits of a Proposed Paid Sick Days Policy,"[['Vicky', '', 'Lovell']]",,0,[u'http://www.iwpr.org/pdf/B252.pdf']
10.2105/AJPH.67.11.1063,cited-by,10818092Valuing Good Health in Massachusetts: An Estimate of Costs and Savings for the Paid Sick Days Act 1,Valuing Good Health in Massachusetts: An Estimate of Costs and Savings for the Paid Sick Days Act 1,"[['Vicky', '', 'Lovell']]",,0,"[u'http://www.iwpr.org/pdf/B249.pdf', u'http://www.gbls.org/employment/PDS_Acostest_3_may_05.pdf']"
10.2105/AJPH.67.11.1063,cited-by,10184101La gripe del cerdo (1976): cuando el pánico y la política toman las decisiones,La gripe del cerdo (1976): cuando el pánico y la política toman las decisiones,"[['J.', '', 'Tuellsa']]",,2011,"[u'http://www.elsevier.es/watermark/ctl_servlet?_f=10&pident_articulo=13109043&pident_usuario=0&pcontactid=&pident_revista=72&ty=12&accion=s&origen=elsevier&web=www.elsevier.es&lan=es&fichero=72v08n02a13109043pdf001.pdf', u'http://www.elsevier.es/watermark/ctl_servlet?_f=10&pident_articulo=13109043&pident_usuario=0&pcontactid=&pident_revista=72&ty=12&accion=l&origen=elsevier&web=www.elsevier.es&lan=es&fichero=72v08n02a13109043pdf001.pdf', u'http://www.vacunas.org/images/stories/recursos/varios/2009/TUELLS_Vacunas_2007_gripe_cerdo1976.pdf']"
10.2105/AJPH.67.11.1063,cited-by,10.1186/1471-2458-11-S1-S4,Optimal H1N1 vaccination strategies based on self-interest versus group interest,"[['Eunha', '', 'Shim'], ['Lauren', 'Ancel', 'Meyers'], ['Alison', 'P', 'Galvani']]",BMC Public Health,2011,"[u'http://www.biomedcentral.com/1471-2458-11-S1-S4', u'http://www.biomedcentral.com/content/pdf/1471-2458-11-S1-S4.pdf', u'http://www.biomedcentral.com/content/pdf/1471-2458-11-S1-info.pdf', u'http://www.springerlink.com/content/n085hk1h27l8014w', u'http://www.springerlink.com/index/n085hk1h27l8014w.pdf']"
10.2105/AJPH.67.11.1063,cited-by,10.1016/j.amepre.2009.08.012,Oseltamivir for Influenza Postexposure Prophylaxis,"[['Sandra', 'E.', 'Talbird'], ['Anita', 'J.', 'Brogan'], ['Aleksander', 'P.', 'Winiarski']]",American Journal of Preventive Medicine,2009,"[u'http://www.sciencedirect.com/science/article/pii/S0749379709005273', u'http://linkinghub.elsevier.com/retrieve/pii/S0749379709005273']"
10.2105/AJPH.67.11.1063,cited-by,10.1590/S1135-57272006000300002,Análisis de un modelo económico de una estrategia poblacional de vacunación gripal en trabajadores sanos,"[['Jesus', 'Mart\xc3\xadn', 'Fern\xc3\xa1ndez']]",Revista Espanola De Salud Publica,2006,"[u'http://redalyc.uaemex.mx/redalyc/pdf/170/17080302.pdf', u'http://www.scielosp.org/scielo.php?script=sci_arttext&pid=S1135-57272006000300002&lng=es&nrm=iso&tlng=es']"
10.2105/AJPH.67.11.1063,cited-by,10.1016/j.iilr.2006.02.002,Administrative factors affecting employees absenteeism in academic and public libraries in Jordan,"[['Nader', 'Ahmad Abu', 'Sheikha'], ['Abdul', 'Razeq M.', 'Younis']]",International Information & Library Review,2006,"[u'http://www.sciencedirect.com/science/article/pii/S1057231706000142', u'http://linkinghub.elsevier.com/retrieve/pii/S1057231706000142']"
10.2105/AJPH.67.11.1063,cited-by,10.1016/j.ics.2004.02.093,Influenza corporate vaccination programs: an international modelling approach,"[['A', '', 'Tasset-Tisseau'], ['J', '', 'Plun-Favreau'], ['E', '', 'Turan'], ['J', '', 'Sta-Ana'], ['N', '', 'Braham-Sygitowicz']]",International Congress Series,2004,"[u'http://www.sciencedirect.com/science/article/pii/S0531513104002250', u'http://linkinghub.elsevier.com/retrieve/pii/S0531513104002250']"
10.2105/AJPH.67.11.1063,cited-by,10.1016/S0011-393X(00)90002-X,Zanamivir for the management of influenza,"[['Gary', 'E.', 'Ruoff']]",Current Therapeutic Research-clinical and Experimental,2000,"[u'http://www.sciencedirect.com/science/article/pii/S0011393X0090002X', u'http://linkinghub.elsevier.com/retrieve/pii/S0011393X0090002X']"
10.2105/AJPH.67.11.1063,cited-by,10.1007/BF02083602,La vaccination contre les maladies virales,"[['K.', 'R.', 'Schell']]",Sozial-und Praventivmedizin,1979,"[u'http://www.springerlink.com/index/10.1007/BF02083602', u'http://www.springerlink.com/index/pdf/10.1007/BF02083602']"
10.2105/AJPH.67.11.1063,cited-by,10.1007/BF02083602,Vaccination against virus diseases,"[['K.', 'R.', 'Schell']]",Sozial-und Praventivmedizin,1979,"[u'http://www.springerlink.com/index/tx8h5r7287622070.pdf', u'http://www.springerlink.com/content/tx8h5r7287622070']"
10.2105/AJPH.67.11.1063,cited-by,10127171Women's Policy Research Valuing Good Health in New Hampshire: The Costs and Benefits of Paid Sick Days,Women's Policy Research Valuing Good Health in New Hampshire: The Costs and Benefits of Paid Sick Days,"[['Kevin', '', 'Miller'], ['Claudia', '', 'Williams']]",,0,"[u'http://www.nhwomen.org/pdf/B276NH.pdf', u'http://www.iwpr.org/pdf/B276NH.pdf', u'http://www.iwpr.org/pdf/B281Maine.pdf', u'http://www.iwpr.org/pdf/B268Mass.pdf']"
10.2105/AJPH.67.11.1063,cited-by,11132942EFFECTIVENESS OF INFLUENZA VACCINATION IN PREVENTION OF INFLUENZA-LIKE ILLNESS AMONG INHABITANTS OF OLD FOLK HOMES,EFFECTIVENESS OF INFLUENZA VACCINATION IN PREVENTION OF INFLUENZA-LIKE ILLNESS AMONG INHABITANTS OF OLD FOLK HOMES,"[['Aziah', 'Ahmad', 'Mahayiddin']]",,0,[u'http://www.tm.mahidol.ac.th/seameo/2007_38_5/08-4094.pdf']
10.2105/AJPH.67.11.1063,cited-by,11590495Women's Policy Research Valuing Good Health in North Carolina: The Costs and Benefits of Paid Sick Days,Women's Policy Research Valuing Good Health in North Carolina: The Costs and Benefits of Paid Sick Days,"[['Kevin', '', 'Miller'], ['Claudia', '', 'Williams']]",,0,[u'http://www.iwpr.org/pdf/B273NCCBA.pdf']
10.2105/AJPH.67.11.1063,cited-by,12398370Controlled Trial Oseltamivir in Treating Acute Influenza: A Randomized Efficacy and Safety of the Oral Neuraminidase Inhibitor,Controlled Trial Oseltamivir in Treating Acute Influenza: A Randomized Efficacy and Safety of the Oral Neuraminidase Inhibitor,"[['Richard', 'P.', 'Wenzel']]",,0,[u'http://jama.ama-assn.org/cgi/reprint/283/8/1016.pdf']
10.1001~jama.283.8.1016,Schoenbaum SC. Economic impact of influenza. Am J Med. 1987;82(suppl 6A):26-30.,NOT found in MAS
10.1001~jama.283.8.1016,"Hayden FG, Belshe RB, Clover RD, Hay AJ, Oakes MG, Soo W. Emergence and apparent transmission of rimantadine-resistant influenza A virus in families. N Engl J Med. 1989;321:1696-1702.",10.1056/NEJM198912213212502,Emergence and Apparent Transmission of Rimantadine-Resistant Influenza A Virus in Families,"[[u'Frederick', u'G.', u'Hayden'], [u'Robert', u'B.', u'Belshe'], [u'Richard', u'D.', u'Clover'], [u'Alan', u'J.', u'Hay'], [u'Marion', u'G.', u'Oakes'], [u'Whaijen', u'', u'Soo']]",New England Journal of Medicine,1989,[u'http://www.nejm.org/doi/abs/10.1056/NEJM198912213212502'],./output/10.1001~jama.283.8.1016/10.1056~NEJM198912213212502
10.1056/NEJM198912213212502,cited-by,"13129215Prevention and Control of Influenza Recommendations of the Advisory Committee on Immunization Practices (ACIP), 2008","Prevention and Control of Influenza Recommendations of the Advisory Committee on Immunization Practices (ACIP), 2008","[['David', 'K.', 'Shay'], ['Karen', '', 'Broder'], ['John', 'K.', 'Iskander'], ['Timothy', 'M.', 'Uyeki'], ['Joseph', 'S.', 'Bresee'], ['Nancy', 'J.', 'Cox'], ['James', '', 'LeDuc'], ['Stephen', '', 'Cochi'], ['Gina', '', 'Mootrey']]",,2007,"[u'http://ftp.cdc.gov/pub/publications/mmwr/rr/rr5707.pdf', u'http://bret.mc.vanderbilt.edu/microbiology/html/Harper_2005.pdf']"
10.1056/NEJM198912213212502,cited-by,10.1001/jama.295.8.joc60020,Adamantane Resistance Among Influenza A Viruses Isolated Early During the 2005-2006 Influenza Season in the United States,"[['Rick', 'A.', 'Bright'], ['David', 'K.', 'Shay'], ['Bo', '', 'Shu'], ['Nancy', 'J.', 'Cox'], ['Alexander', 'I.', 'Klimov']]",Jama-journal of The American Medical Association,2006,"[u'http://jama.ama-assn.org/cgi/reprint/295/8/891.pdf', u'http://jama.ama-assn.org/cgi/doi/10.1001/jama.295.8.joc60020']"
10.1056/NEJM198912213212502,cited-by,10.1016/S0140-6736(05)67338-2,Incidence of adamantane resistance among influenza A (H3N2) viruses isolated worldwide from 1994 to 2005: a cause for concern,"[['Rick', 'A', 'Bright'], ['Marie-jo', '', 'Medina'], ['Xiyan', '', 'Xu'], ['Gilda', '', 'Perez-Oronoz'], ['Teresa', 'R', 'Wallis'], ['Xiaohong', 'M', 'Davis'], ['Laura', '', 'Povinelli'], ['Nancy', 'J', 'Cox'], ['Alexander', 'I', 'Klimov']]",Lancet,2005,"[u'http://www.sciencedirect.com/science/article/pii/S0140673605673382', u'http://linkinghub.elsevier.com/retrieve/pii/S0140673605673382']"
10.1056/NEJM198912213212502,cited-by,"13520052GUIDELINES FOR PREVENTING HEALTH-CARE-ASSOCIATED PNEUMONIA, 2003 Recommendations of CDC and the Healthcare Infection Control Practices Advisory Committee Prepared By","GUIDELINES FOR PREVENTING HEALTH-CARE-ASSOCIATED PNEUMONIA, 2003 Recommendations of CDC and the Healthcare Infection Control Practices Advisory Committee Prepared By","[['Ofelia', 'C.', 'Tablan'], ['Larry', 'J.', 'Anderson'], ['Richard', '', 'Besser'], ['Carolyn', '', 'Bridges'], ['Rana', '', 'Hajjeh']]",,0,"[u'http://origin.cdc.gov/hicpac/pdf/guidelines/hapneu2003guidelines.pdf', u'http://www.cdc.gov/hicpac/pdf/guidelines/hapneu2003guidelines.pdf']"